sys,math,functools,collections,re,std,list,dict,tuple,str,int,set
argv,e,cmp_to_key,namedtuple,search,all,append,fromkeys,tuple,lower,int,add
exit,exp,partial,deque,match,any,count,get,,upper,,update
getdefaultencoding,pi,total_ordering ,defaultdict,findall,bin,extend,setdefault,,swapcase,,discard
setdefaultencoding,ceil,update_wrapper,OrderedDict ,split,chr,index,items,,capitalize,,clear
getfilesystemencoding,floor,wraps,Counter,finditer,cmp,insert,keys,,capwords,,
path,fabs,,,sub,complex,pop,values,,title,,
version,trunc,,,,divmod,remove,popitem,,ljist,,
platform,factorial ,,,,eval,reverse,del,,rjust,,
stdin,gcd,,,,enumerate,sort,,,center,,
stdout,log,,,,filter,clear,,,zfill,,
stderr,log10,,,,format,copy,,,find,,
,modf,,,,hash,,,,index,,
,sqrt,,,,id,,,,xount,,
,pow,,,,isinstance,,,,replace,,
,sin,,,,issubclass,,,,split,,
,cos,,,,iter,,,,isalnum,,
,tan,,,,list,,,,isalpha,,
,,,,,map,,,,isdigit,,
,,,,,max,,,,isspace,,
,,,,,min,,,,islower,,
,,,,,next,,,,isupper,,
,,,,,oct,,,,istitle,,
,,,,,ord,,,,join,,
,,,,,pow,,,,,,
,,,,,range,,,,,,
,,,,,reduce,,,,,,
,,,,,reverse,,,,,,
,,,,,round,,,,,,
,,,,,set,,,,,,
,,,,,slice,,,,,,
,,,,,sorted,,,,,,
,,,,,str,,,,,,
,,,,,tuple,,,,,,
,,,,,type,,,,,,
,,,,,xrange,,,,,,
,,,,,zip,,,,,,
